domain,chapter,daikoumoku,chukoumoku,shoukoumoku,remarks,keywords,id
必修の基本的事項,1 医の倫理と歯科医師のプロフェッショナリズム,ア 医の倫理,a 患者の人権と医療,,,原則;摂食;イオンチャネル;アプローチ;吸啜;index;受容体;リハビリテーション;プロービング;活動;開催;液体;習慣;睡眠;収縮;医療倫理;麻痺;摂食嚥下;エネルギー;嚥下;緊張;脳性麻痺;mini;プラークコントロールレコード;電位;とろみ;患者の人権;自律;睡眠時無呼吸症候群;尊重;実践;開口反射;反射,0
必修の基本的事項,1 医の倫理と歯科医師のプロフェッショナリズム,ア 医の倫理,b 医療者の倫理 (ニュルンベルグ綱領、ジュネーブ宣言など),,,アタ;アタッチメント;アルマ;アンピシリン;エピネフリン;オタワ;ガドリニウム;コホート研究;シドニー;ジュネーブ宣言;ニュルンベルグ;ニュルンベルグ綱領;ニュールンベルグ;ヒポクラテスの誓い;ヘルシンキ;ヨード;ランダム化比較試験;リスボン;介入;倫理;前向き;医学;医師;医療者の倫理;奉仕;宣言;対象;提言;症例対照研究;研究;綱領;被験者;調査;謳っ,1
必修の基本的事項,1 医の倫理と歯科医師のプロフェッショナリズム,イ 歯科医師と患者・家族との関係,a 患者中心の歯科医療 (インフォームド・コンセント、セカンドオピニオンなど),,,1歳;か月;でき;インフォームド;インフォームド・コンセント;コンセント;セカンドオピニオン;ホワイトポイント;偽陽性;制度;勧める;医療;医療事故;医療訴訟;危機管理;喫煙;回避;変更;定型発達;実践;対策;患者中心の歯科医療;意思決定;推奨;撤回;歯科医師;決定;特異度;生後;疾病;磨き;禁煙;給付;自己決定権;被曝;診断書;質問;防止;面接,2
必修の基本的事項,1 医の倫理と歯科医師のプロフェッショナリズム,イ 歯科医師と患者・家族との関係,b 患者の権利,,,ニュールンベルグ;占める;やすく;倫理;アルマ;超え;遵守;一般廃棄物;ノーマライゼーション;チーム医療;人口;権利;食中毒;診療所;我が国;宣言;推移;近年;kg;憲章;医師;日本;診療;シドニー;年次;入院;医療費;65歳;全体;綱領;患者の権利;所得;老年;国民;割合;指数;予防接種;オタワ;擁護;アタ,3
必修の基本的事項,2 社会と歯科医療,ア 患者・障害者のもつ心理社会的問題と背景,a 疾病・障害の概念・構造(社会的関わり),,,形成;雑音;復位;咀嚼;運動;疾病;collins;構音障害;腫脹;最大;関節炎;審美;閉口;転位;義歯;骨折;顎関節症;開口;treacher;異常;嚥下;円板;運動障害;症候群;関節;味覚障害;障害;顎関節;閉鎖;訓練,4
必修の基本的事項,2 社会と歯科医療,ア 患者・障害者のもつ心理社会的問題と背景,b リハビリテーションの理念,,,ベベル;リハビリテーションの理念,5
必修の基本的事項,2 社会と歯科医療,ア 患者・障害者のもつ心理社会的問題と背景,c ノーマライゼーションの理念,,,ノーマライゼーションの理念,6
必修の基本的事項,2 社会と歯科医療,ア 患者・障害者のもつ心理社会的問題と背景,d 国際生活機能分類〈ICF〉,,,構造;咀嚼;心身;健康状態;病原体;国際生活機能分類;個人;ICF;水酸化カルシウム;因子;形態;生活;抜髄;認知症;家族;身体;社会的;生活歯髄切断法;病原;介護;転倒;異常;同僚;強打;病歴;機能障害;環境;切断;インプラント;麻酔;支え;間接;能力;でき;職場;自発;障害;構成要素,7
必修の基本的事項,2 社会と歯科医療,ア 患者・障害者のもつ心理社会的問題と背景,e 健康格差、健康の社会的決定要因,,,二次;減少傾向;健康診査;加入;達成;保険料;格差;健康の社会的決定要因;制度;市町村;国民皆保険;保険者;平均寿命;保健;医療保険;健康;日本;目標;教育;審査;行動;変容;推進;リスボン;保険;割合;労働者;日本脳炎;充実;生活習慣;介護保険;被保険者;健康格差;都道府県;新興感染症,8
必修の基本的事項,2 社会と歯科医療,イ 保健・医療・福祉・介護の制度と医療経済,a 歯科医師法、歯科衛生士法、歯科技工士法,,,交付;介護保険法;保健指導;保存;健康保険法;処方せん;医療;医療法;地域保健法;届出;技工;業務;歯科;歯科医師;歯科医師法;歯科技工士;歯科技工士法;歯科衛生士;歯科衛生士法;死体検案書;法律;生活保護法;義務;義務付け;老人福祉法;規定;記載;診療;診療所;診療録;開設,9
必修の基本的事項,2 社会と歯科医療,イ 保健・医療・福祉・介護の制度と医療経済,f 地域包括ケアシステム,,,地域包括支援センター;回復;病院;歯科;施設;介護予防;支援;適正化;事業;住民;機会;地域保健法;保健;保健師;生活支援;法律;健康;市町村保健センター;生活保護法;規定;推進;健康増進法;医療;問題点;サービス;地域包括ケアシステム;根拠法;高齢者;地域;在宅医療;歯科医;教室;保健所;調査;構成要素;相談,10
必修の基本的事項,2 社会と歯科医療,ウ チーム医療,a チーム医療の意義 (多職種連携、医科歯科連携、病診連携を含む),,,提供;標準化;小数点;職種;平均;コスト;先進医療;中央値;チーム医療;医療事故;医療従事者;病診連携;線量;クリニカルパス;作成;連携;多職種連携;目標;放射線;設定;線量計;変更;推進;診療;医療;役割;周術期;平均値;早期発見;尊重;削減;医科歯科連携;occlusal;意思決定;防護,11
必修の基本的事項,2 社会と歯科医療,ウ チーム医療,c チーム医療における歯科の役割 (かかりつけ歯科医 在宅医療、歯科訪問診療),,,病理;歯科;t2;腫脹;自覚症状;染色;精査;訪問;多形腺腫;指摘;かかりつけ歯科医;歯牙腫;病変;希望;嚢胞;組織;強調;診療;腺様嚢胞癌;mri;切除;かかりつけ;生検;在宅医療;歯科医;歯科訪問診療;扁平上皮癌;造影;表皮,12
必修の基本的事項,2 社会と歯科医療,カ 医療事故の防止,c 患者の安全管理(誤飲、誤嚥、誤薬、出血、外傷、感染、被曝、目の保護),,,誤薬;研磨;レジン;清掃;鋳造;誤飲;ラバーダム;アルジネート;インレー;付与;器具;向上;周術期管理;防湿;患者の安全管理;金属冠;誤嚥性肺炎;重合;義歯;着脱;クラウン;ワックス;規格;印象;むせ;嚥下;シリコーンゴム;高齢者;誤嚥;生じ;頭部;投与;築造;防止;齲蝕;訓練,13
必修の基本的事項,2 社会と歯科医療,キ 院内感染対策,a 標準予防策〈standard precautions〉,,,mrsa;standard precautions;t細胞;グラム;スクリーニング;スチールバー;上皮;下顎前突;付着;入院;周術期;咬頭;垂直感染;基づく;嫌気性;寄り;嵌合;必要;扁平;投与;抗体;抗菌薬;接触;斜面;早期接触;桿菌;標準;標準予防策;機器;清拭;真陽;過蓋咬合;重層;開咬;院内感染;陰性;陽性;隣接;骨格,14
必修の基本的事項,2 社会と歯科医療,サ 診療録、診療情報の記録と管理,b SOAP(主観的情報、客観的情報、評価、計画),,,riga;沈下;法則;数値;小数点;四捨五入;歯科;あご;記載;length;入れ歯;2位;該当;fede;事項;by;診療録;実態調査;生活指導;義歯;解答;着脱;問題解決;有する;de;作成;指向;嚢胞;arch;視診;これ;ed;準拠;所見;割合;SOAP;顆路;オーバー;診察;症候群;場合;求め;75;支持;fmia,15
必修の基本的事項,3 予防と健康管理・増進,ウ 予防手段,a フッ化物応用,,,000;ca;dna;hhv;na;ppm;ppmf;rna;アセチルコリン;アセトアミノフェン;アトロピン;イオン;ガッタパーチャポイント;スズ;タンパク質;ハイリスク;フェニトイン;フッ化ナトリウム;フッ化物応用;フッ化物洗口;フッ化物洗口法;プロピトカイン;リライン;レジンコーティング;健康増進法;分泌;判定;化物;吸収線量;唾液;唾液腺;塗布;応用;放射線荷重係数;歯磨剤;水道水;添加;溶液;濃度;生物学的半減期;硫酸アトロピン;等価線量;配合;錠剤;頻度;食塩;高値;齲蝕;齲蝕検知液,16
必修の基本的事項,4 人体の正常構造・機能,ア 全身・口腔の構造と機能,e 器官系［骨格系(関節を含む)、筋系、呼吸器系、循環器系〈脈管系〉、消化器系、造血器系、泌尿器・生殖器系、神経系、内分泌系、感覚器系］,,,セファロ;骨格系;曲線;全般;筋系;泌尿器・生殖器系;ガス;小体;ヘッドギア;心筋梗塞;リップ;マルチブラケット;タングクリブ;呼吸器;過小;リンガルアーチ;造血器系;矯正歯科;斜面;感覚器系;神経系;装置;咳嗽;弧線;呼吸器系;急速;循環器;バンパー;スライディング;老人;拡散;アクチバトール;キャップ;上昇;消化器系;骨格;循環器系;内分泌系;平面角;牽引;チン;クワドヘリックス;一般;バイオネーター;lewy;上板;不整脈,17
必修の基本的事項,5 人体の発生・成長・発達・加齢変化,ウ 口腔・顎顔面の成長・発育,a 歯・歯列・咬合の発育(発育時期、萌出時期・順序、歯の脱落・交換時期、歯齢),,,セファロ;nance;バンド;萌出;タングクリブ;ヘッドギア;歯齢;マルチブラケット;ディスタルシュー;リンガルアーチ;ホールディング;装置;急速;クラウン;ターミナル;streptococcus;撤保;アーチ;嚢胞;アクチバトール;hellman;遠心;適応;iiic;プレーン;シュー;アーチレングスディスクレパンシー;萌出時期・順序;コンケイブタイプ;歯の脱落・交換時期;クワドヘリックス;iva;階段;歯の萌出・数;ループ;回復,18
必修の基本的事項,6 主要な疾患と障害の病因・病態,イ 口腔・顎顔面領域の疾患と障害の概念,a 歯の硬組織疾患,,,tooth wear;インレー;エナメル質;コンポジットレジン;セメント質;一過性;乳歯;側面;冷水;切削;化物;化膿;原因;唾液;器具;圧排;垂直的顎間関係;塗布;小学校;形成;急性;検知;歯の損耗;歯科;歯肉;歯髄;歯髄炎;窩洞;象牙質;軟化;隣接;電気;齲蝕,19
必修の基本的事項,6 主要な疾患と障害の病因・病態,イ 口腔・顎顔面領域の疾患と障害の概念,c 歯周疾患,,,壊死;歯髄炎;急性;化膿;歯科;健康診査;歯肉;口臭;ロス;由来;学校;事業;市町村;地域保健法;健康診断;睡眠;検診;従事;保健;統計;歯周ポケット;潰瘍;根尖性歯周炎;歯肉炎;健康増進法;糖尿病;歯周炎;単純;歯肉増殖症;歯周疾患;リスクファクター;調査;胃潰瘍,20
必修の基本的事項,7 主要症候,ア 全身の症候,a 発熱、全身倦怠感、体重減少・増加、ショック、意識障害、失神、脱水、浮腫、けいれん、めまい、不整脈、血圧上昇・低下、黄疸、呼吸困難、チアノーゼ、頭痛、動悸、息切れ、胸痛、睡眠障害、嚥下障害、誤嚥、悪心、嘔吐、下痢,,,全身倦怠感;和物;塩酸;嚥下障害;アナフィラキシーショック;歯肉;ショック;ところ;発作;硫酸;腫脹;失神;hg;呼吸困難;アドレナリン;ジアゼパム;全身;血圧;アトロピン;リドカイン;皮膚;エピネフリン;訴え;誤嚥;血管;投与;麻酔;意識障害;静脈;意識;浮腫;けいれん;発熱;症状;塩水;水和物,21
必修の基本的事項,8 診察の基本,エ 全身の診察,c バイタルサイン(呼吸、脈拍、血圧、体温),,,23歳;anb;fort;le;なっ;なら;エピネフリン;クリック音;コンタクトゲージ;セファロ;チェック;バイタルサイン;三叉神経;不能;全身麻酔;内頸静脈;分割;切り;動脈;外頸静脈;平面;応答;意識;換気;支配;救急車;気道;気道確保;波動を触知;消失;測定;炭酸ガス;確認;神経;神経節;突感;舌下神経;舌咽神経;舌神経;蒼白;血液学;迷走神経;顔面;顔面動脈;顔面神経;麻痺;麻酔,22
必修の基本的事項,9 検査・臨床判断の基本,ク 根拠に基づいた医療〈EBM〉,c 診療ガイドライン,,,重症度;オーラルディアドコキネシス;ast;番号;評価;ごと;系統;倫理;スクリーニング;疾病;dmf;指針;crp;医療行為;alp;被験者;発病;重要;敏感;クリニカルパス;rohrer;作成;医療機関;整備;特異度;研究;異なる;診療;オッズ比;医学;適中;経験;ファイル;指数;定める;診療ガイドライン;データ,23
必修の基本的事項,10 初期救急,イ 救急処置,a 一次救命処置〈BLS〉,,,画面;人工呼吸;除細動;健常;一次救命処置;消失;酸素;半分;aed;BLS;脈拍;胸部;生体;成人;要請;最初;胸骨;マッサージ;確認;安全;モニタ;静脈路確保;投与;確保;気道確保;圧迫;気管挿管;心停止;静脈;意識;頸動;輸液,24
歯科医学総論,総論Ⅰ 保健・医療と健康増進,1 健康の保持・増進と社会保障,カ 地域包括ケアシステム,a 在宅医療,※歯科訪問診療 医療と介護の連携,医療と介護の連携;在宅医療;地域包括ケアシステム;歯科訪問診療,25
歯科医学総論,総論Ⅱ 正常構造と機能、発生、成長、発達、加齢変化,5 歯と歯周組織の構造,ア 歯の形態,a 基本事項,生物学的特性、生歯、歯式、方向用語、歯の外形、歯髄腔の形態、歯根の形態、三歯徴〈三表徴〉,歯槽骨;石灰;バンド;表示;2級;器具;55;51;不明瞭;基本;標準;ヒトパピローマウイルス;三歯徴;ウイルス;ころ;上顎第一大臼歯;10歳;胎生;ヒト;完成;咬頭;嚢胞;14歳;歯周組織;ガムリトラクター;サービカルマトリックス;セメント質;境界;単純ヘルペスウイルス;マトリックス;1歳;明瞭;コンポジットレジン;歯根;65;ウェッジ;歯式;54,26
歯科医学総論,総論Ⅱ 正常構造と機能、発生、成長、発達、加齢変化,6 口腔顎顔面の機能,ウ 咀嚼,a 咀嚼能力,,イン;インプラント;クラウン;クラスプ;トレー;ブリッジ;リラ;レジン;上下;人工歯;付与;作業;修理;全部;印象;口唇突出度;咀嚼;困難;審美;床下;排列;操作;欠損;疼痛;瘻孔;窩洞;窩洞形成;粘膜;義歯;装置;補綴;製作;診察;調整;運動;適合;顔貌写真;齲蝕,27
歯科医学総論,総論Ⅲ 病因、病態,1 病因・病態,コ 腫瘍,d 口腔潜在的悪性疾患,※前癌状態、前癌病変,カンジダ;改変;vinson;扁平苔癬;紅板症;口腔カンジダ症;weber;上皮;問題;口唇炎;前癌状態;sturge;エナメル上皮腫;天疱瘡;粘膜;前癌病変;骨折;病変;潰瘍;上皮性;嚢胞;疾患;口腔粘膜;plummer;印象;水疱;手足口病;線維;交通;症候群;口腔潜在的悪性疾患;c型肝炎;peutz;尋常性天疱瘡;白板症;時代;表皮;平面,28
歯科医学総論,総論Ⅳ 主要症候,2 口腔・顎顔面の症候,ク 口腔・顎顔面の機能障害,開口・閉口障害、咀嚼障害、哺乳障害、摂食嚥下障害、発話障害(発話機能障害)、感覚障害、口腔乾燥,,壊死;歯髄炎;塩酸;病理;唾液腺;白血病;腫脹;原因;腫瘍;口腔乾燥;乾燥;gvhd;耳下腺;咀嚼障害;発話障害;義歯;sjögren;口腔乾燥症;病変;潰瘍;疾患;組織;放射線;放射線治療;摂食嚥下障害;アフタ;99m;手足口病;萎縮;生検;試験;症候群;開口障害;igg4関連疾患;顎下腺;流行性耳下腺炎;障害;基準値,29
歯科医学総論,総論Ⅴ 診察,5 高齢者への対応,イ 評価,g Quality of Life〈QOL〉,※口腔関連QOL,79歳;CT;H−E染色;MRI;OHI;OHI─S;O’LearyのPCR;PHP;PMA指数;QOL;Quality of Life;RussellのPI;assessment;cfi;health;index;leary;life;mini;mmse;ohi;pcr;php;グルコース;シンチグラム;セファロ分析;パラトグラム;フェイスボウトランスファー;ブローイング;前立腺癌;単独;口腔関連QOL;合力;咀嚼;咀嚼運動;延命;投与;最大;溶出;疼痛;筋電図;線条;義歯;能力;能率;補綴;製する;記録;評価;関連;麻薬,30
歯科医学総論,総論Ⅴ 診察,6 全身疾患を有する者への対応,ア 留意すべき疾患,h 内分泌・代謝・栄養疾患,※糖尿病、脂質異常症,1型糖尿病;2型糖尿病;alt;ast;dl;hba1c;インスリン;コレステロール;プロトロンビン時間;冷水痛;口呼吸;口臭;呼吸;呼吸数;投与;歯肉炎;狭窄;生活習慣病;疾患;白血球;空腹時血糖;糖尿病;肝硬変;脳梗塞;脳血管疾患;血友病;血圧;血小板;関連;骨粗鬆症;高血圧症,31
歯科医学総論,総論Ⅵ 検査,2 画像検査,オ CT,a 原理、特徴、適応,※造影CT、歯科用コーンビームCT,CT;T1強調像;T2強調像;mri;pet;t2;ウェットボンディング;エナメル上皮腫;カーボランダムポイント;ゴシックアーチ描記法;バイトゲージ;パノラマ;プロービングデプス;リンパ節;下部;切除;原性;嚢胞;増大;平行模型;強調;形成;扁平上皮癌;摘出;撮影;放置;染色;歯科用コーンビームCT;歯科用コーンビームct;歯肉;生検;疼痛;病理;組織;腫脹;超音波検査;造影;電気診,32
歯科医学総論,総論Ⅶ 治療,8 薬物療法,ウ 疾患に応じた薬物療法,a 鎮痛薬,,kg;nsaids;がん;アセトアミノフェン;アモキシシリン;ステロイド;作用;全身麻酔;切開;副腎皮質;化膿;原因療法;塗布;塩酸;急性;感染;投与;抗ウイルス薬;抗菌薬;根尖性歯周炎;歯切;水和物;注射;消炎;疼痛;経口;義歯;腫脹;薬物;軟膏;鎮痛;鎮痛薬;阻害;静脈内鎮静法;非ステロイド性抗炎症薬;麻薬,33
歯科医学総論,総論Ⅷ 歯科材料と歯科医療機器,5 成形修復・予防填塞・歯内療法用材料,ア 成形修復用材料,a コンポジットレジン,,インレー;グラスアイオノマーセメント;コンポジットレジン;コンポジットレジンインレー;セメント;レジン;レジン前装冠;一過性;付与;作業用模型;係数;冷水;処理;反応;合金;塗布;形態;打診;接着;接着ブリッジ;歯髄;生活反応;窩洞;自発;重合;間接;除細動;電気,34
歯科医学総論,総論Ⅷ 歯科材料と歯科医療機器,6 歯冠修復・義歯用材料,イ セラミック材料,b ジルコニア、アルミナ、ガラスセラミックス,,ください;ろう;アルミナ;オフロキサシン;カスタムトレー;カルシウム;ガラスセラミックス;クロム;コバルト;ジルコニア;ステンレス鋼;セメント;タイプ;タングステンカーバイドバー;チタン;チタン合金;ニッケル;ハイドロキシアパタイト;バリウム;パラジウム;ブリッジ;ポリ乳酸;ユージノールセメント;リン酸;亜鉛;処理;合金;成分;材料;活性;焼付;生体;生体材料;用い;酸化亜鉛;金銀;鋳造,35
歯科医学各論,各論Ⅰ 成長・発育に関連した疾患・病態,2 歯の異常,イ 形態の異常,a 癒合歯、癒着歯、双生歯,,0mm;9歳;arch;discrepancy;length;ratio;タウロドント;上顎側切歯;乳歯;低位;先天;双生歯;埋伏;埋伏歯;大きく;実状;巨大歯;形態;悪いこと;欠如;正中;歯並び;歯内歯;異常;癒合;癒合歯;癒着;癒着歯;矮小歯;破折;萌出;過剰歯;骨格,36
歯科医学各論,各論Ⅰ 成長・発育に関連した疾患・病態,2 歯の異常,ウ 構造の異常,b エナメル質形成不全(症),Turnerの歯、エナメル質減形成症,過剰;過剰歯;形成;鎖骨;萌出;頭蓋骨;先天性;Turnerの歯;内部;外胚葉;原因;象牙質;骨形成不全症;変色;pierre;エナメル質形成不全;不全;crouzon;robin;後継;色調;歯のフッ素症;異常;歯髄;考え;エナメル質;化物;冷水;先天性表皮水疱症;down;hutchinson;症候群;永久歯;狭窄,37
歯科医学各論,各論Ⅱ 歯・歯髄・歯周組織の疾患,1 歯の硬組織疾患,ア 歯の硬組織疾患の病因と病態,a 齲蝕の病因,※脱灰、再石灰化,形成;齲窩;凝集;再石灰化;齲蝕の病因;材料;象牙質;ヒスタチン;緩衝;染色;溶解;ムチン;rh;ラクトフェリン;侵入;表層;唾液;抗菌;アミラーゼ;リゾチーム;作用;標本;エナメル質;抑制;脱灰;齲蝕;成分;ペリクル,38
歯科医学各論,各論Ⅱ 歯・歯髄・歯周組織の疾患,3 歯周疾患,ウ 歯周疾患の治療,e 歯周外科治療(歯周組織再生療法),組織再生誘導法〈GTR法〉、エナメルマトリックスたんぱく質、FGF-2製剤、骨移植術,FGF-2製剤;GTR法;エナメル;エナメルマトリックスたんぱく質;スケーリング;タンパク質;フェリプレシン;フラップ;ヘミセクション;ポケット;ルートプレーニング;再生;切開;切除;動揺;岐部;手術;掻爬;整形;新付着術;検査結果;歯周プローブ;歯周ポケット;歯周基本治療;歯周組織;歯周組織再生療法;歯槽骨;歯肉;療法;移動;移植;結合組織;腫脹;術中;評価;遊離;骨移植術,39
歯科医学各論,各論Ⅲ 顎・口腔領域の疾患,1 主として軟組織に関連する疾患の病態・診断・治療,オ 軟組織に発生する腫瘍および腫瘍類似疾患,c 口腔癌,舌癌、頬粘膜癌、硬口蓋癌、口底癌、上顎・下顎歯肉癌,1m;gy;m1;t2;ニトログリセリン;リンパ節;上顎洞癌;再建;切除;単位;口底癌;口腔癌;吸収線量;嚥下;塩酸;外部;実効線量;悪性黒色腫;扁平上皮癌;投与;放射線;放射線治療;歯肉;歯肉癌;照射;白内障;硬口蓋癌;組織内;線量;耳下腺;舌下腺;舌癌;装置;転移;進展;重粒子線;電子;頬粘膜癌;頸部;骨肉腫,40
歯科医学各論,各論Ⅳ 歯質・歯・顎顔面欠損と機能障害,3 クラウンブリッジによる治療,,,,オトガイ舌筋;クラウンブリッジによる治療;ダイヤモンドポイント;フランクフルト平面;ブラッシング;下顎下縁平面傾斜角;下顎孔伝達麻酔;下顎管;下顎隆起;内頸動脈;前方滑走運動;口腔内写真;咬合平面設定板;咬合法歯軸方向撮影;咬合痛;咬合高径;平滑筋肉腫;広頚筋;慢性歯周炎;排膿;根面齲蝕;歯冠破折;歯髄電気診;水平的顎間関係;耳珠;胸鎖乳突筋;自発痛;開口障害;隣接面;顎下腺;顎態模型;顎舌骨筋;骨肉腫,41
歯科医学各論,各論Ⅳ 歯質・歯・顎顔面欠損と機能障害,4 部分床義歯による治療,,,,歯根膜腔;部分床義歯による治療,42
歯科医学各論,各論Ⅳ 歯質・歯・顎顔面欠損と機能障害,5 全部床義歯による治療,,,,全部床義歯;全部床義歯による治療;咬合床;抜髄;歯周基本治療;歯槽骨;隣接面接触点,43
歯科医学各論,各論Ⅳ 歯質・歯・顎顔面欠損と機能障害,6 インプラント義歯による治療,,,,0mm;28週;40歳;48歳;Posseltの図形;me;アバットメント;インプラント;インプラント義歯;インプラント義歯による治療;スクリュー;セメント;ミダゾラム;上部構造;乳癌;以後;修復象牙質;噛め;垂直;妊娠;審美;平行性;強化;感染象牙質;接着;早期;期間;構造;歯周組織検査;死亡;浸潤麻酔;獲得;癒合;短縮;確保;篩骨;結合;蝶形骨;診察;費用;軟骨;頭頂骨,44
歯科医学各論,各論Ⅴ 配慮が必要な高齢者・有病者・障害者等に関連した疾患・病態・予防ならびに歯科診療,1 疾患・病態,オ フレイル,,サルコペニア、ロコモティブシンドローム,2010年;bmi;dl;index;sga;アルブミン;エネルギー;カルシウム;サルコペニア;セファログラム;フレイル;プレドニゾロン;ロコモティブシンドローム;上限;代償;体重;充血;入る;図る;始める;心理的;応力;推定;摂取;摂取量;教室;日本人;栄養;栄養素;歩行;比例;活動量;状態;生後;用いる;疲労;目安;訓練;速度;高齢者,45
